_id,rata,ente,descrizione,cod_tipoimposta,tipo_imposta,cod_imposta,imposta,spesa,aggregation-time,area_geografica,note,fonte_dato,Tipo Imposta,SPESA TOTALE,2cod_imposta,cod imposta ext,ente%code
65c81f2bf458af1d35de623e,202401,816,COMUNE DI CAROSINO,4,Erariali,11,Prestiti,387.8,2024-02-11T02:01:21.381,Centro,,,Varie,387.8,11,11,816
671a7806e28f8d6b0a19d1c2,202409,27,AGENZIA NAZIONALE PER I GIOVANI - ANG,2,Erariali,-,?,12914.66 €,2024-10-24T18:30:35.560,,,,Erariali,12914.66,5,5,27
65ee5ac7eb0f334c8d2b5b63,202402,906,IRCCS LAZZARO SPALLANZANI,2,Erariali,6,IRAP,257914.98,2024-03-11T02:01:04.421,Nord,Verifica manuale,,Erariali,257914.98,6,6,906
66bf604a0377f64bd0cd2571,202407,11,"MINISTERO DELL'AGRICOLTURA, DELLA SOVRANITA' ALIMENTARE E DELLE FORESTE",2,Erariali,6,IRAP,655135.62,2024-08-16T16:11:01.334,Isole,,,Erariali,655135.62,6,6,11
6667a4c0262bc331baee7402,05/2024,834,COMUNE DI MONTORFANO,4,Varie,9,Riscatti,16.85,2024-06-11T03:01:23.745,Centro,,,Varie,16.85,9,9,834
671a7805568f1404768e2b82,2024-09,816,COMUNE DI CAROSINO,1,Netto,15,Netto,35590.93,2024-10-24T18:30:35.560,Nord,,,Netto,35590.93,15,15,816
66bf60530377f64bd0cd2605,202407,22,AGENZIA DELLE ENTRATE,1,Netto,15,Netto,N.D.,2024-08-16T16:11:01.334,Sud,,,Netto,81826602.74,15,15,22
66e0ee5bf458af54a5dbc77e,202408,,AGENZIA NAZIONALE PER I GIOVANI - ANG,3,Previdenziali,14,ND,3190.5600000000045,2024-09-11T03:01:11.704,Centro,,,Previdenziali,3190.5600000000045,14,14,27
6731590c568f146444a34e68,202410,843,unknown,3,Previdenziali,13,Previdenziali a carico del datore di lavoro,37917.13999999999,2024-11-11T02:00:28.485,Nord,,,Previdenziali,37917.13999999999,13,13,843
671a780d568f1404768e2bcb,202409,898,ENTE STRUMENTALE ALLA CROCE ROSSA ITALIANA,4,Varie,10,Ritenute Sindacali,121.77999999999999,24/10/2024,,,,Varie,121.77999999999999,10,10,898
65ee5ac7eb0f334c5c367551,202402,831,COMUNE DI CORLETO MONFORTE,2,Erariali,6,IRAP,1432.1799999999996,2024-03-11T02:01:04.421,Nord,,,Erariali,1432.1799999999996,6,6,831
65ee5ac7eb0f334c8d2b5b00,2022.01,829,COMUNE DI MERCATO SAN SEVERINO,2,Erariali,5,IRPEF,28773.7,2024-03-11T02:01:04.421,Sud,,,Erariali,28773.7,5,5,829
6731590c568f146439948fcb,202410,3,MINISTERO DELLA DIFESA,2,Assistenziali,5,IRPEF,-124390265.05,2024-11-11T02:00:28.485,Centro,,,Erariali,124390264.05,5,5,3
6667a4b7262bc331baee7330,202405,2,MINISTERO DELLE INFRASTRUTTURE E DEI TRASPORTI,2,Erariali,7,Addizionali Regionali,2324038.2,2024-06-11T03:01:23.745,Isole,,,Erariali,2324038.2,7,7,2
66e0ee64f458af54a5dbc7f3,202408,868,ANBSC-AGENZIA NAZIONALE BENI SEQUESTRATI E CONFISCATI,2,Erariali,7,Addizionali Regionali,9198.339999999998,2024-09-11T03:01:11.704,Nord,,,Erariali,9198.339999999998,7,7,868
671a7805568f1404768e2b73,09/2024,14,?,4,Varie,12,Altre voci,176845.36,2024-10-24T18:30:35.560,Isole,,,Varie,176845.36,12,12,14
66e0ee66f458af54a5dbc8b1,202408,9,MINISTERO DELLA GIUSTIZIA,4,Varie,12,Altre voci,1207252.45,2024-09-11T03:01:11.704,Sud,,,Varie,1207252.45,12,12,9
66bf60490377f64b681b5174,2022/13,952,AZIENDA SANITARIA LOCALE ROMA 2,3,Previdenziali,13,Previdenziali a carico del datore di lavoro,6831175.68,2024-08-16T16:11:01.334,Centro,,,Previdenziali,6831175.68,13,13,952
66e0ee65f458af54a5dbc860,202408,954,ISPETTORATO NAZIONALE DEL LAVORO,2,Erariali,6,IRAP,1105872.920000147,2024-09-11T03:01:11.704,,,,Erariali,1105872.920000147,6,6,954
65c81f2b3f62191d044e2af1,202401,957,ORDINE DOTT. COMMERCIALISTI ED ESPERTI CONTABILI DI VERONA,4,Varie,10,Ritenute Sindacali,48.8,2024-02-11T02:01:21.381,Nord,,,Varie,48.8,10,10,957
6731590c568f146446645cc3,13-2022,4056,AGENZIA PER L'ITALIA DIGITALE,4,Varie,10,Ritenute Sindacali,828.8399999999997,2024/11/11,Isole,,,Varie,828.8399999999997,10,10,4056
65c81f2cf458af1d5b4728f5,202401,11,"MINISTERO DELL'AGRICOLTURA, DELLA SOVRANITA' ALIMENTARE E DELLE FORESTE",1,Netto,15,Netto,2937256.29,2024-02-11T02:01:21.381,Nord,,,Netto,9012749.32,15,15,11
668f34079b1c1405cffd2cda,202406,13,MINISTERO DELLE IMPRESE E DEL MADE IN ITALY,3,Previdenziali,14,Previdenziali a carico del lavoratore,905632.88,2024-07-11T03:01:16.866,Sud,,,Previdenziali,905632.88,14,14,13
668f34119b1c1405cffd2d83,Rata 2024,13,MINISTERO DELLE IMPRESE E DEL MADE IN ITALY,4,Assistenziali,11,Prestiti,217425.3,2024-07-11T03:01:16.866,Isole,,,Varie,217425.3,11,11,13
65ee5ac5f458af56d2af52ee,202402,12,MINISTERO DELL'INTERNO,2,Erariali,5,IRPEF,107938674.45,2024-03-11T02:01:04.421,Sud,,,Erariali,107938674.45,5,5,12
663ec5ea3f62190222cfb4ea,202404,966,ANSFISA - AGENZIA NAZIONALE PER LA SICUREZZA DELLE FERROVIE E DELLE INFRASTRUTTURE STRADALI E AUTOSTRADALI,3,Previdenziali,14,Previdenziali a carico del lavoratore,107397.45999999729,2024-05-11T03:01:07.269,Centro,,,Previdenziali,107397.45999999729,14,14,966
663ec5f43f62190222cfb73d,202404,7,MINISTERO DEGLI AFFARI ESTERI E DELLA COOPERAZIONE INTERNAZIONALE,4,Varie,11,,unknown,2024-05-11T03:01:07.269,Centro,,,Varie,80075.67,11,11,7
66e0ee64f458af5423ceb541,202408,1,MINISTERO DELL'ECONOMIA E FINANZE,3,Previdenziali,13,Previdenziali a carico del datore di lavoro,78765471.82,2024-09-11T03:01:11.704,Nord,,,Previdenziali,78765471.82,13,13,1
65c81f2cf458af1d5b4728e6,202401,898,ENTE STRUMENTALE ALLA CROCE ROSSA ITALIANA,2,Erariali,6,IRAP,unknown,FEB 11 2024,,,,Erariali,4748.189999999998,6,6,898
661738e49b1c14196e7da347,202403,802,ARAN,4,Varie,10,n.d.,130.20000000000002,2024-04-11T03:00:48.766,Nord,,,Varie,130.20000000000002,10,10,802
65c81f2c3f62191d310d64f8,202401,964,COMUNE DI CARAVAGGIO,4,Varie,11,Prestiti,1827.3700000000001,2024-02-11T02:01:21.381,Isole,,,Varie,1827.3700000000001,11,11,964
661738e59b1c1417e85d371e,Rata 2024,8017,?,2,Erariali,6,IRAP,376207.8500000004,2024-04-11T03:00:48.766,,,,Erariali,376207.8500000004,6,6,8017
6667a4c1262bc331baee743d,202405,938,ENTE PARCO NAZIONALE DELLA MAJELLA,2,Assistenziali,6,IRAP,€7798.739999999997,2024-06-11T03:01:23.745,Nord,,,Erariali,€7798.739999999997,6,6,938
659f41739b1c14690c5c4162,202312,843,ANVUR(AGENZIA NAZ.VALUTAZIONE SIST.UNIVERSITARIO E RICERCA),2,Erariali,8,Addizionali Comunali,85.71,11.01.2024,Nord,,Sistema legacy,Erariali,85.71,8,8,843
659f41739b1c14690c5c4174,202312,25,ARCHIVI NOTARILI,2,Erariali,5,IRPEF,3458536.14,2024-01-11T02:01:40.336,,,,Erariali,506351.78000000044,5,5,25
66e0ee65f458af5423ceb585,202408,,AUTORITA' DI BACINO DISTR. DELL'APPENNINO SETTENTRIONALE,2,Erariali,7,Addizionali Regionali,N.D.,2024-09-11T03:01:11.704,Isole,,,Erariali,2856.68,7,7,960
6731590c568f146439948f79,202410,1,MINISTERO DELL'ECONOMIA E FINANZE,4,Varie,9,Riscatti,113084.54,2024-11-11T02:00:28.485,Sud,,,Varie,113084.54,9,9,1
661738e7262bc367cf0df88b,202403,11,"MINISTERO DELL'AGRICOLTURA, DELLA SOVRANITA' ALIMENTARE E DELLE FORESTE",4,Varie,11,Prestiti,99335.76,2024-04-11T03:00:48.766,Nord,,,Varie,99335.76,11,11,11
66bf60490377f64b681b50ff,202407,44,MINISTERO DEL TURISMO,4,Varie,12,Altre voci,785.59,2024-08-16T16:11:01.334,Sud,,,Varie,785.59,12,12,44
65ee5ac6f458af56cdec185b,202402,822,REGIONE LAZIO,2,Erariali,7,,18335.210000000003,2024-03-11T02:01:04.421,Centro,,,Erariali,18335.210000000003,7,7,822
66bf604a0377f64b679f286b,202407,816,COMUNE DI CAROSINO,3,Previdenziali,?,Previdenziali a carico del datore di lavoro,12552.480000000009,2024-08-16T16:11:01.334,Isole,,,Previdenziali,12552.480000000009,13,13,816
66e0ee5cf458af5423ceb4cf,202408,868,ANBSC-AGENZIA NAZIONALE BENI SEQUESTRATI E CONFISCATI,4,Varie,10,Ritenute Sindacali,777.8199999999998,2024-09-11T03:01:11.704,,,,Varie,777.8199999999998,10,10,868
66bf604a0377f64bd0cd2586,202407,,AGENZIA NAZIONALE PER LA SICUREZZA DEL VOLO,2,Erariali,7,ND,3009.9700000000003,2024-08-16T16:11:01.334,Centro,,,Erariali,3009.9700000000003,7,7,805
65c81f2cf458af1d5b472923,202401,10,MINISTERO DELLA SALUTE,2,Erariali,6,IRAP,615366.36 €,2024-02-11T02:01:21.381,Nord,,,Erariali,615366.36,6,6,10
66e0ee66f458af54a5dbc8b8,202408,914,AZIENDA SANITARIA LOCALE ROMA 3,3,Previdenziali,13,Previdenziali a carico del datore di lavoro,2280970.87~,2024-09-11T03:01:11.704,,,,Previdenziali,2280970.87,13,13,914
65ee5ac5f458af56d2af5336,202402,19,MINISTERO UNIVERSITA' E RICERCA,4,Varie,12,Altre voci,88014.31,2024-03-11T02:01:04.421,Centro,,,Varie,88014.31,12,12,19
66bf60520377f64b679f28cb,202407,958,AUTORITA' DI BACINO DISTRETTUALE DELL'APPENNINO CENTRALE,2,Erariali,5,IRPEF,90478.40999999997,2024-08-16T16:11:01.334,,,,Erariali,90478.40999999997,5,5,958
661738e59b1c1417e85d36bd,202403,970,PARCO DEL CIRCEO,2,Erariali,6,IRAP,1291.4099999999999,2024-04-11T03:00:48.766,Isole,,,Erariali,1291.4099999999999,6,6,970
66e0ee66f458af54a5dbc8bb,202408,916,AZIENDA SANITARIA LOCALE ROMA 5,3,Netto,13,Previdenziali a carico del datore di lavoro,3173768.14,2024-09-11T03:01:11.704,Isole,,,Previdenziali,3173768.14,13,13,916
66e0ee64f458af54a5dbc7b7,202408,898,ENTE STRUMENTALE ALLA CROCE ROSSA ITALIANA,2,Erariali,8,Addizionali Comunali,690.06,2024-09-11T03:01:11.704,Isole,,,Erariali,690.06,8,8,898
659f417b9b1c1468e2e39a06,202312,4,MINISTERO DELL'ISTRUZIONE E DEL MERITO,3,Previdenziali,13,Previdenziali a carico del datore di lavoro,5711005083.72,2024-01-11T02:01:40.336,Nord,,,Previdenziali,5711005083.72,13,13,4
661738e49b1c14196e7da32c,202403,18,CORTE DEI CONTI,4,Erariali,9,Riscatti,6974.11,2024-04-11T03:00:48.766,,,,Varie,6974.11,9,9,18
659f41739b1c14690c5c4198,202312,,MINISTERO DELLE IMPRESE E DEL MADE IN ITALY,4,Varie,9,Riscatti,5268.84,2024-01-11T02:01:40.336,Centro,,,Varie,5268.84,9,9,13
66bf60520377f64b679f28ab,LUG-2024,17,CONSIGLIO DI STATO E T.A.R.,3,Previdenziali,14,Previdenziali a carico del lavoratore,1214522.8,2024-08-16T16:11:01.334,,,,Previdenziali,1214522.8,14,14,17
65c81f2b3f62191d310d6495,202401,843,ANVUR(AGENZIA NAZ.VALUTAZIONE SIST.UNIVERSITARIO E RICERCA),1,Netto,15,Netto,143719.25,2024-02-11T02:01:21.381,,,,Netto,143719.25,15,15,843
663ec5ea3f62190222cfb54b,202404,968,CONSORZIO PARCO GEOMIN. STORICO E AMBIENTALE DELLA SARDEGNA,3,Previdenziali,13,Previdenziali a carico del datore di lavoro,5290.810000000001,2024-05-11T03:01:07.269,Sud,,,Previdenziali,5290.810000000001,13,13,968
671a7806e28f8d6b0a19d19c,202409,950,AGENZIA ITALIANA PER LA COOPERAZIONE ALLO SVILUPPO,2,Erariali,8,Addizionali Comunali,6341.7000000000035,2024-10-24T18:30:35.560,Centro,,,Erariali,6341.7000000000035,8,8,950
66bf60520377f64b679f28a3,202407,912,ORDINE DEI MEDICI CHIRURGHI E DEGLI ODONTOIATRI DELLA PROVINCIA DI LATINA,2,Erariali,8,Addizionali Comunali,-,2024-08-16T16:11:01.334,Centro,,,Erariali,143.67000000000002,8,8,912
66bf60520377f64b679f28bb,2022.01,9,MINISTERO DELLA GIUSTIZIA,4,Varie,11,,9006678.25,2024-08-16T16:11:01.334,Centro,Da riconciliare,,Varie,9006678.25,11,11,9
6667a4b8262bc331baee73ed,22-01,12,MINISTERO DELL'INTERNO,4,Varie,12,-,1146296.2,2024/06/11,Isole,,,Varie,1146296.2,12,12,12
6731590b5c833340b426aee5,202410,969,ORDINE DEGLI PSICOLOGI DEL LAZIO,2,Erariali,7,Addizionali Regionali,1650.5099999999998,2024-11-11T02:00:28.485,,,,Erariali,1650.5099999999998,7,7,969
671a7805568f1404768e2ae8,202409,44,MINISTERO DEL TURISMO,3,Previdenziali,13,Previdenziali a carico del datore di lavoro,117771.4,24-10-24,Isole,,,Previdenziali,117771.4,13,13,44
65ee5ac7eb0f334c5c367560,202402,960,AUTORITA' DI BACINO DISTR. DELL'APPENNINO SETTENTRIONALE,4,Varie,9,Riscatti,-,2024-03-11T02:01:04.421,Sud,,,Varie,218.26999999999998,9,9,960
66e0ee5df458af5423ceb530,202408,9, ,4,Varie,11,Prestiti,9004307.92,2024-09-11T03:01:11.704,Nord,,,Varie,9004307.92,11,11,9
66e0ee65f458af5423ceb58c,202408,4056,AGENZIA PER L'ITALIA DIGITALE,3,Previdenziali,13,Previdenziali a carico del datore di lavoro,127226.16999999998,2024-09-11T03:01:11.704,Sud,,,Previdenziali,127226.16999999998,13,13,4056
661738e49b1c14196e7da346,202403,963,AUTORITA' DI BACINO DISTRETTUALE DELL'APPENNINO MERIDIONALE,3,Previdenziali,13,Previdenziali a carico del datore di lavoro,109295.31999999976,2024-04-11T03:00:48.766,Centro,,,Previdenziali,109295.31999999976,13,13,963
65ee5ac6eb0f334c5c36752e,202402,6,MINISTERO DELL'AMBIENTE E DELLA SICUREZZA ENERGETICA,1,Netto,15,Netto,3447739.18 EUR,2024-03-11T02:01:04.421,,,,Netto,3447739.18 EUR,15,15,6
66e0ee65f458af54a5dbc82a,08/2024,938,ENTE PARCO NAZIONALE DELLA MAJELLA,4,Varie,12,Altre voci,1015.8599999999999,2024-09-11T03:01:11.704,Centro,,,Varie,1015.8599999999999,12,12,938
65ee5ac6f458af56cdec182c,202402,966,ANSFISA - AGENZIA NAZIONALE PER LA SICUREZZA DELLE FERROVIE E DELLE INFRASTRUTTURE STRADALI E AUTOSTRADALI,3,Previdenziali,13,Previdenziali a carico del datore di lavoro,425721.6099999969,2024/03/11,Centro,,,Previdenziali,425721.6099999969,13,13,966
6731590c568f146439948fbf,202410,14,MINISTERO DELLA CULTURA,1,Netto,15,Netto,56565405.44,2024-11-11T02:00:28.485,Isole,,,Netto,56565405.44,15,15,14
65ee5ac5f458af56d2af5345,202402,2,MINISTERO DELLE INFRASTRUTTURE E DEI TRASPORTI,4,Varie,11,Prestiti,n.d.,2024-03-11T02:01:04.421,,,,Varie,3504366.24,11,11,2
663ec5ea3f62190222cfb4c2,202404,32,ISTITUTO SUPERIORE DI SANITA',4,Varie,12,Altre voci,12454.230000000005,2024-05-11T03:01:07.269,Isole,,,Varie,12454.230000000005,12,12,32
671a7805568f1404768e2ba0,202409,834,COMUNE DI MONTORFANO,3,Previdenziali,13,Previdenziali a carico del datore di lavoro,6213.240000000003,24-10-24,,,,Previdenziali,6213.240000000003,13,13,834
663ec5f43f62190222cfb72e,202404,977,COMUNE DI SERRENTI,2,Erariali,5,IRPEF,11151.770000000002,MAG 11 2024,Centro,,,Erariali,11151.770000000002,5,5,977
663ec5f43f62190222cfb6dc,22-01,23,AGENZIA PER LE EROGAZIONI IN AGRICOLTURA,4,Netto,11,Prestiti,-4788.68,11/05/2024,Centro,,,Varie,4787.68,11,11,23
6667a4c1262bc331baee742b,202405,17,?,3,Previdenziali,14,Previdenziali a carico del lavoratore,1012393.28,2024-06-11T03:01:23.745,Isole,,,Previdenziali,1012393.28,14,14,17
663ec5f23f62190222cfb5fe,202404,3,MINISTERO DELLA DIFESA,2,Erariali,8,Addizionali Comunali,5591803.6,2024-05-11T03:01:07.269,Isole,,,Erariali,5591803.6,8,8,3
663ec5ea3f62190222cfb4c9,202404,822,REGIONE LAZIO,4,Varie,10,Ritenute Sindacali,11761.640000000052,2024-05-11T03:01:07.269,Centro,Da riconciliare,,Varie,11761.640000000052,10,10,822
6667a4b7262bc331baee7387,202405,25, ,2,Erariali,5,IRPEF,151287.26?,2024-06-11T03:01:23.745,,,,Erariali,151287.26,5,5,25
663ec5eb3f62190222cfb586,202404,ND,AGENZIA ITALIANA PER LA COOPERAZIONE ALLO SVILUPPO,3,Previdenziali,14,Previdenziali a carico del lavoratore,44779.900000000096,2024-05-11T03:01:07.269,,Dato stimato,,Previdenziali,44779.900000000096,14,14,950
661738e49b1c14196e7da35d,202403,834,COMUNE DI MONTORFANO,1,Netto,15,Netto,19594.82,2024-04-11T03:00:48.766,Isole,,,Netto,19594.82,15,15,834
668f34079b1c1405cffd2cca,202406,10,MINISTERO DELLA SALUTE,3,Assistenziali,13,Previdenziali a carico del datore di lavoro,€2302425.16,2024-07-11T03:01:16.866,Nord,,,Previdenziali,€2302425.16,13,13,10
66bf60520377f64b679f28ce,202407,925,AUTORITA' GARANTE PER L'INFANZIA E L'ADOLESCENZA AGIA,3,Previdenziali,14,Previdenziali a carico del lavoratore,8964.259999999997,2024-08-16T16:11:01.334,Sud,,,Previdenziali,8964.259999999997,14,14,925
663ec5f43f62190222cfb73a,202404,843,ANVUR(AGENZIA NAZ.VALUTAZIONE SIST.UNIVERSITARIO E RICERCA),2,Erariali,6,IRAP,17689.470000000027,2024-05-11T03:01:07.269,Centro,,,Erariali,17689.470000000027,6,6,843
668f34119b1c1405cffd2ddb,202406,27,AGENZIA NAZIONALE PER I GIOVANI - ANG,4,Varie,10,Ritenute Sindacali,138.68,2024-07-11T03:01:16.866,Centro,,,Varie,138.68,10,10,27
671a7805568f1404768e2b9d,202409,19,MINISTERO UNIVERSITA' E RICERCA,4,Varie,10,Ritenute Sindacali,50299.55,2024-10-24T18:30:35.560,Centro,,,Varie,50299.55,10,10,19
65c81f2cf458af1d5b47291b,202401,969,ORDINE DEGLI PSICOLOGI DEL LAZIO ,1,Netto,15,Netto,30764.379,2024-02-11T02:01:21.381,Centro,,,Netto,30854.45,15,15,969
65ee5ac7eb0f334c5c36757d,202402,//,ARAN,4,Varie,11,Prestiti,724.1800000000001 EUR,2024-03-11T02:01:04.421,Nord,,,Varie,724.1800000000001 EUR,11,11,802
661738e4262bc367a2350403,202403,977,COMUNE DI SERRENTI,2,Erariali,6,IRAP,6213.809999999999,2024-04-11T03:00:48.766,Isole,,,Erariali,6213.809999999999,6,6,977
6731590c568f146446645d01,202410,898,ENTE STRUMENTALE ALLA CROCE ROSSA ITALIANA,3,Netto,14,Previdenziali a carico del lavoratore,2334.2900000000004,2024-11-11T02:00:28.485,Nord,,,Previdenziali,2334.2900000000004,14,14,898
659f41729b1c14690c5c4117,202312,4056,AGENZIA PER L'ITALIA DIGITALE,4,Varie,11,Prestiti,1253.95,2024-01-11T02:01:40.336,Nord,,,Varie,1253.95,11,11,4056
6731590c568f146439948f70,202410,32,ISTITUTO SUPERIORE DI SANITA',2,Erariali,5,IRPEF,1588865.2699999872,2024-11-11T02:00:28.485,,,,Erariali,1588865.2699999872,5,5,32
668f34119b1c1405cffd2dab,06/2024,867,AGENZIA ITALIANA DEL FARMACO - AIFA,2,Erariali,7,Addizionali Regionali,72185.91999999994,2024-07-11T03:01:16.866,Sud,,,Erariali,72185.91999999994,7,7,867
65ee5ac5f458af56d2af52c8,Rata 2024,44,MINISTERO DEL TURISMO,4,Varie,11,Prestiti,1382.88,2024-03-11T02:01:04.421,Sud,,,Varie,1382.88,11,11,44
65c81f2b3f62191d310d646b,202401,938,ENTE PARCO NAZIONALE DELLA MAJELLA,2,Erariali,5,IRPEF,23164.820000000003~,2024-02-11T02:01:21.381,Centro,,,Erariali,23164.820000000003,5,5,938
66e0ee66f458af54a5dbc87b,202408,822,REGIONE LAZIO,4,Varie,10,Ritenute Sindacali,-11319.23,2024-09-11T03:01:11.704,,,,Varie,11318.23000000004,10,10,822
663ec5ea3f62190222cfb500,202404,7,MINISTERO DEGLI AFFARI ESTERI E DELLA COOPERAZIONE INTERNAZIONALE,4,Varie,12,Altre voci,104487.83,2024-05-11T03:01:07.269,Centro,,,Varie,104487.83,12,12,7
66e0ee64f458af5423ceb56e,202408,13,MINISTERO DELLE IMPRESE E DEL MADE IN ITALY,4,Varie,12,Altre voci,64276.4,2024-09-11T03:01:11.704,Sud,,,Varie,64276.4,12,12,13
65c81f2cf458af1d5b4728fc,202401,898,ENTE STRUMENTALE ALLA CROCE ROSSA ITALIANA,2,Erariali,5,IRPEF,14328.619999999999,2024-02-11T02:01:21.381,,,,Erariali,14328.619999999999,5,5,898
671a7806e28f8d6b0a19d191,202409,4056,AGENZIA PER L'ITALIA DIGITALE,2,Erariali,?,//,14723.34,2024-10-24T18:30:35.560,Nord,,,Erariali,14723.34,7,7,4056
66e0ee5cf458af5423ceb4dd,202408,28,CONSIGLIO PER RIC. IN AGRICOLTURA E ANALISI ECONOMIA AGRARIA,2,Erariali,5,IRPEF,1635173.3799999936,2024-09-11T03:01:11.704,Sud,,,Erariali,1635173.3799999936,5,5,28
659f41729b1c1468e2e399a7,2023-12,27,AGENZIA NAZIONALE PER I GIOVANI - ANG,2,Erariali,8,Addizionali Comunali,111.3,2024-01-11T02:01:40.336,Isole,,,Erariali,111.3,8,8,27
661738e6262bc367cf0df839,202403,960,AUTORITA' DI BACINO DISTR. DELL'APPENNINO SETTENTRIONALE,4,Varie,9,Riscatti,218.26999999999998,2024-04-11T03:00:48.766,,,,Varie,218.26999999999998,9,9,960
65ee5ac7eb0f334c5c367585,202402,977,COMUNE DI SERRENTI,1,Netto,15,Netto,3959916.29,2024-03-11T02:01:04.421,Centro,,,Netto,57987.61,15,15,977
66bf604b0377f64b679f289c,202407,910,AZIENDA SANITARIA LOCALE ROMA 6,3,Previdenziali,13,Previdenziali a carico del datore di lavoro,5226339.9,2024-08-16T16:11:01.334,Nord,,,Previdenziali,5226339.9,13,13,910
663ec5f33f62190222cfb627,202404,11,"MINISTERO DELL'AGRICOLTURA, DELLA SOVRANITA' ALIMENTARE E DELLE FORESTE",4,Varie,10,-,11866.48,2024-05-11T03:01:07.269,Isole,Verifica manuale,,Varie,11866.48,10,10,11
6667a4b8262bc331bdcd0bb1,202405,6,MINISTERO DELL'AMBIENTE E DELLA SICUREZZA ENERGETICA ,2,Erariali,8,Addizionali Comunali,61477.1542,2024-06-11T03:01:23.745,,,,Erariali,61603.94,8,8,6
668f34110377f62206882c65,202406,7,MINISTERO DEGLI AFFARI ESTERI E DELLA COOPERAZIONE INTERNAZIONALE,2,Erariali,8,Addizionali Comunali,189429.94,11.07.2024,,,,Erariali,189429.94,8,8,7
6731590b5c833340b426ae54,202410,,MINISTERO DELLE IMPRESE E DEL MADE IN ITALY,2,Erariali,7,Addizionali Regionali,348965.7,2024-11-11T02:00:28.485,Nord,,,Erariali,348965.7,7,7,13
66bf60530377f64b681b51b2,202407,816,COMUNE DI CAROSINO,2,Erariali,8,Addizionali Comunali,456.14,2024-08-16T16:11:01.334,Centro,,,Erariali,456.14,8,8,816
659f41719b1c1468e2e39946,202312,829,COMUNE DI MERCATO SAN SEVERINO,2,Erariali,5, ,65499.590000000004,2024/01/11,Isole,,,Erariali,65499.590000000004,5,5,829
659f41729b1c1468e2e3999b,202312,,ENTE PARCO NAZIONALE DELL'ALTA MURGIA,3,Previdenziali,13,Previdenziali a carico del datore di lavoro,13067.469999999992,2024-01-11T02:01:40.336,Nord,,,Previdenziali,13067.469999999992,13,13,894
66e0ee64f458af5423ceb572,08/2024,960,AUTORITA' DI BACINO DISTR. DELL'APPENNINO SETTENTRIONALE,4,Varie,10,Ritenute Sindacali,306.56000000000006,2024-09-11T03:01:11.704,Sud,,,Varie,306.56000000000006,10,10,960
668f34120377f62206882cc2,202406,25,ARCHIVI NOTARILI,2,Erariali,8,Addizionali Comunali,8819.9,2024-07-11T03:01:16.866,Centro,,,Erariali,8819.9,8,8,25
661738e6262bc367cf0df828,202403,19,MINISTERO UNIVERSITA' E RICERCA,2,Erariali,7,Addizionali Regionali,675279.92,2024-04-11T03:00:48.766,Centro,,,Erariali,675279.92,7,7,19
65c81f2cf458af1d5b472906,202401,829,COMUNE DI MERCATO SAN SEVERINO,3,Previdenziali,13,Previdenziali a carico del datore di lavoro,38181.93000000008%,2024-02-11T02:01:21.381,Sud,,,Previdenziali,38181.93000000008,13,13,829
661738e49b1c14196e7da2f4,202403,4056,AGENZIA PER L'ITALIA DIGITALE,4,Varie,12,//,2483.109999999999,2024-04-11T03:00:48.766,Sud,,,Varie,2483.109999999999,12,12,4056
668f34079b1c1405cffd2d1d,2024-06,17,CONSIGLIO DI STATO E T.A.R.,4,Varie,11,Prestiti,67272.49,2024-07-11T03:01:16.866,Isole,,,Varie,67272.49,11,11,17
65ee5ac6f458af56cdec17fb,202402,976,ISTITUTO MUSICALE PAREGGIATO DELLA VALLE D'AOSTA,3,Previdenziali,13,Previdenziali a carico del datore di lavoro,33150.35,2024-03-11T02:01:04.421,Sud,,,Previdenziali,33150.35,13,13,976
65ee5ac5f458af56d2af52b7,202402,-,ARPAL PUGLIA,4,Varie,9,Riscatti,134.0,2024-03-11T02:01:04.421,Isole,,,Varie,134.0,9,9,971
66e0ee5cf458af54a5dbc798,202408,44,MINISTERO DEL TURISMO,3,Previdenziali,14,Previdenziali a carico del lavoratore,36295.25,2024-09-11T03:01:11.704,Centro,,Sistema legacy,Previdenziali,36295.25,14,14,44
671a7805568f1404768e2b3a,202409,2,MINISTERO DELLE INFRASTRUTTURE E DEI TRASPORTI,1,Netto,15,n.d.,65629934.8,2024-10-24T18:30:35.560,,,,Netto,65629934.8,15,15,2
663ec5f43f62190222cfb74d,202404,959, ,3,Previdenziali,14,Previdenziali a carico del lavoratore,11450.73000000001,2024-05-11T03:01:07.269,,,,Previdenziali,11450.73000000001,14,14,959
668f34119b1c1405cffd2d9f,2024-06,954,ISPETTORATO NAZIONALE DEL LAVORO,1,Netto,15,Netto,10797603.3,2024-07-11T03:01:16.866,Nord,,,Netto,10797603.3,15,15,954
671a7805568f1404768e2b1e,202409,6,MINISTERO DELL'AMBIENTE E DELLA SICUREZZA ENERGETICA,4,Varie,10,Ritenute Sindacali,-5959.96,2024-10-24T18:30:35.560,Isole,,,Varie,5958.96,10,10,6
66e0ee66f458af5423ceb5dd,202408,32,ISTITUTO SUPERIORE DI SANITA',2,Erariali,7,Addizionali Regionali,234697.3299999999,2024-09-11T03:01:11.704,,,,Erariali,234697.3299999999,7,7,32
66e0ee65f458af5423ceb579,202408,976,ISTITUTO MUSICALE PAREGGIATO DELLA VALLE D'AOSTA,2,Erariali,7,Addizionali Regionali,2389.07,2024-09-11T03:01:11.704,,,,Erariali,2389.07,7,7,976
6731590c568f146444a34ea5,2024-10,916,AZIENDA SANITARIA LOCALE ROMA 5,2,Erariali,6,IRAP,994536.85,2024-11-11T02:00:28.485,Sud,,,Erariali,994536.85,6,6,916
66bf60490377f64b681b5126,202407,44,,4,Varie,11,Prestiti,1132.88,2024-08-16T16:11:01.334,,,,Varie,1132.88,11,11,44
66bf60530377f64b679f28d9,202407,975,IPAB ISTITUTO DI BENEFICENZA E SCOLASTICO SAC. M. SCRIFFIGNANO SISCARO,2,Erariali,8,Addizionali Comunali,27.880000000000003,16/08/2024,,,,Erariali,27.880000000000003,8,8,975
65ee5ac7eb0f334c8d2b5b10,202402,950,AGENZIA ITALIANA PER LA COOPERAZIONE ALLO SVILUPPO,2,Erariali,5,IRPEF,134582.07999999975,2024-03-11T02:01:04.421,Nord,,,Erariali,134582.07999999975,5,5,950
671a7806e28f8d6b0a19d1b3,202409,5,PRESIDENZA DEL CONSIGLIO DEI MINISTRI,4,Varie,11,Prestiti,110422.41,2024-10-24T18:30:35.560,Centro,,,Varie,110422.41,11,11,5
671a780de28f8d6b0a19d263,202409,831,COMUNE DI CORLETO MONFORTE,3,Previdenziali,14,Previdenziali a carico del lavoratore,899.4000000000002,2024-10-24T18:30:35.560,Nord,,,Previdenziali,899.4000000000002,14,14,831
661738e59b1c1417e85d36f6,202403,868,ANBSC-AGENZIA NAZIONALE BENI SEQUESTRATI E CONFISCATI,2,Erariali,7,Addizionali Regionali,9200.399999999994,2024-04-11T03:00:48.766,Nord,,,Erariali,9200.399999999994,7,7,868
6731590c568f146446645d38,202410,867,AGENZIA ITALIANA DEL FARMACO - AIFA,2,Erariali,7,Addizionali Regionali,72334.85999999994,2024-11-11T02:00:28.485,Centro,Fonte secondaria,,Erariali,72334.85999999994,7,7,867
671a780de28f8d6b0a19d240,202409,973,COMUNE DI VASIA,2,Erariali,6,IRAP,642.9,2024-10-24T18:30:35.560,,,,Erariali,642.9,6,6,973
661738e6262bc367cf0df819,202403,3,MINISTERO DELLA DIFESA,3,Previdenziali,14,Previdenziali a carico del lavoratore,67505122.63,2024-04-11T03:00:48.766,Isole,,,Previdenziali,67505122.63,14,14,3
668f34079b1c1405cffd2ce1,202406,18,CORTE DEI CONTI,4,Varie,9,Riscatti,6762.11,2024-07-11T03:01:16.866,,,,Varie,6762.11,9,9,18
65c81f2cf458af1d5b4728d4,202401,834,COMUNE DI MONTORFANO,2,Erariali,6,IRAP,2088.5499999999997,2024-02-11T02:01:21.381,Centro,,,Erariali,2088.5499999999997,6,6,834
65c81f2c3f62191d310d64b5,202401,14,MINISTERO PER I BENI E LE ATTIVITA' CULTURALI,1,Netto,15,Netto,n/a,11-02-24,,,,Netto,25532250.76,15,15,14
6667a4c1262bc331baee7427,202405,976,n.d.,2,Assistenziali,8,Addizionali Comunali,768.2,11-06-24,,,,Erariali,768.2,8,8,976
6667a4c1262bc331baee7419,202405,971,ARPAL PUGLIA,2,Erariali,8,Addizionali Comunali,23323.45000000003,2024-06-11T03:01:23.745,,,Sistema legacy,Erariali,23323.45000000003,8,8,971
65ee5ac5f458af56d2af5315,202402,867,AGENZIA ITALIANA DEL FARMACO - AIFA,2,Erariali,8,Addizionali Comunali,1399.1799999999998,2024-03-11T02:01:04.421,Centro,,,Erariali,1399.1799999999998,8,8,867
659f417c9b1c14690c5c4226,202312,968,CONSORZIO PARCO GEOMIN. STORICO E AMBIENTALE DELLA SARDEGNA,1,Netto,15,Netto,26905.74,2024-01-11T02:01:40.336,Nord,,,Netto,26905.74,15,15,968
66e0ee64f458af54a5dbc7f9,202408,957,ORDINE DOTT. COMMERCIALISTI ED ESPERTI CONTABILI DI VERONA,3,Previdenziali,14,Previdenziali a carico del lavoratore,1039.4999999999989,2024-09-11T03:01:11.704,Isole,,,Previdenziali,1039.4999999999989,14,14,957
66bf604a0377f64bd0cd25d2,2024-07,971,ARPAL PUGLIA,3,Previdenziali,14,Previdenziali a carico del lavoratore,2803606.54,2024-08-16T16:11:01.334,Centro,,,Previdenziali,49096.00999999654,14,14,971
668f34079b1c1405cffd2d03,202406,950,AGENZIA ITALIANA PER LA COOPERAZIONE ALLO SVILUPPO,1,Netto,15,Netto,1536779.79,2024-07-11T03:01:16.866,Centro,,,Netto,1536779.79,15,15,950
65c81f2bf458af1d35de626a,202401,44,MINISTERO DEL TURISMO,1,Netto,15,Netto,459493.84,2024-02-11T02:01:21.381,,,,Netto,459493.84,15,15,44
661738e59b1c1417e85d3737,202403,10,MINISTERO DELLA SALUTE,2,Erariali,8,Addizionali Comunali,81023.61,2024-04-11T03:00:48.766,,,,Erariali,81023.61,8,8,10
66bf604a0377f64bd0cd2561,202407,19,MINISTERO UNIVERSITA' E RICERCA,3,Assistenziali,n.d.,Previdenziali a carico del datore di lavoro,2606637.17,2024-08-16T16:11:01.334,,,,Previdenziali,9519123.59,13,13,19
6667a4b8262bc331bdcd0bcb,202405,13,MINISTERO DELLE IMPRESE E DEL MADE IN ITALY,4,Varie,11,Prestiti,220250.2,2024-06-11T03:01:23.745,Isole,,,Varie,220250.2,11,11,13
661738e49b1c14196e7da329,202403,843,ANVUR(AGENZIA NAZ.VALUTAZIONE SIST.UNIVERSITARIO E RICERCA),1,Netto,15,Netto,155048.67,2024-04-11T03:00:48.766,Sud,,,Netto,155048.67,15,15,843
66bf60490377f64b681b5104,202407,843,ANVUR(AGENZIA NAZ.VALUTAZIONE SIST.UNIVERSITARIO E RICERCA),2,Erariali,6,IRAP,15506.229999999998,2024-08-16T16:11:01.334,,,,Erariali,15506.229999999998,6,6,843
65c81f2cf458af1d5b4728f3,202401,14,MINISTERO PER I BENI E LE ATTIVITA' CULTURALI,4,Varie,10,Ritenute Sindacali,60988.62,2024-02-11T02:01:21.381,Sud,,,Varie,60988.62,10,10,14
65ee5ac7eb0f334c5c36756a,2024-02,8,MINISTERO DEL LAVORO E DELLE POLITICHE SOCIALI,3,Previdenziali,14,Previdenziali a carico del lavoratore,201981.33,2024-03-11T02:01:04.421,Nord,,,Previdenziali,201981.33,14,14,8
659f41739b1c14690c5c41a7,202312,16,C.N.E.L.- CONSIGLIO NAZIONALE DELL'ECONOMIA E DEL LAVORO,2,Erariali,5,IRPEF,135123.69,2024-01-11T02:01:40.336,Sud,,,Erariali,135123.69,5,5,16
66bf60530377f64bd0cd2627,202407,970,PARCO DEL CIRCEO,2,Erariali,7,Addizionali Regionali,454.89,2024-08-16T16:11:01.334,,,,Erariali,454.89,7,7,970
66e0ee65f458af54a5dbc86a,202408,6,MINISTERO DELL'AMBIENTE E DELLA SICUREZZA ENERGETICA,2,Previdenziali,6,IRAP,532578.26,2024-09-11T03:01:11.704,Sud,,,Erariali,532578.26,6,6,6
65ee5ac6f458af56cdec1851,202402,974,AGENZIA INDUSTRIE DIFESA AID,2,Erariali,6,IRAP,98353.95999999993 voli,2024-03-11T02:01:04.421,Nord,,,Erariali,98353.95999999993,6,6,974
66e0ee5df458af5423ceb526,202408,898,ENTE STRUMENTALE ALLA CROCE ROSSA ITALIANA,2,Erariali,5,IRPEF,720081.1000000001,2024-09-11T03:01:11.704,Centro,,,Erariali,720081.1000000001,5,5,898
6667a4b7262bc331baee731b,202405,966,,2,Erariali,7,n.d.,25995.799999999974,2024-06-11T03:01:23.745,Centro,,,Erariali,25995.799999999974,7,7,966
6667a4b8262bc331bdcd0bad,202405,,AGENZIA ITALIANA DEL FARMACO - AIFA,4,Varie,11,Prestiti,18315.66,2024-06-11T03:01:23.745,Nord,,,Varie,18315.66,11,11,867
661738e49b1c14196e7da2b1,202403,898,ENTE STRUMENTALE ALLA CROCE ROSSA ITALIANA,1,Netto,15,Netto,-26966.23,2024-04-11T03:00:48.766,Nord,,,Netto,26965.23,15,15,898
668f34079b1c1405cffd2cf1,202406,802,ARAN,3,Previdenziali,13,Previdenziali a carico del datore di lavoro,n.d.,2024-07-11T03:01:16.866,Sud,,,Previdenziali,31089.840000000015,13,13,802
668f34079b1c1405cffd2c9b,202406,966,ANSFISA - AGENZIA NAZIONALE PER LA SICUREZZA DELLE FERROVIE E DELLE INFRASTRUTTURE STRADALI E AUTOSTRADALI,4,Varie,10,Ritenute Sindacali,1607.7199999999993,11.07.2024,,,,Varie,1607.7199999999993,10,10,966
668f34110377f62206882c89,202406,13,,4,Varie,9,Riscatti,4702.3,2024-07-11T03:01:16.866,Nord,,,Varie,4702.3,9,9,13
668f34120377f62206882cb1,202406,14,MINISTERO PER I BENI E LE ATTIVITA' CULTURALI,3,Previdenziali,13,Previdenziali a carico del datore di lavoro,11245430.04,2024-07-11T03:01:16.866,Sud,,,Previdenziali,11245430.04,13,13,14
661738e59b1c1417e85d3770,202403,21,AGENZIA DELLE DOGANE,4,Varie,9,Riscatti,19767.18,2024-04-11T03:00:48.766,,,,Varie,19767.18,9,9,21
65ee5ac5f458af56d2af52e1,202402,16,C.N.E.L.- CONSIGLIO NAZIONALE DELL'ECONOMIA E DEL LAVORO,3,Previdenziali,14,Previdenziali a carico del lavoratore,28059.3,2024-03-11T02:01:04.421,,Verifica manuale,,Previdenziali,28059.3,14,14,16
6731590c568f146439948fa4,22-01,11,"MINISTERO DELL'AGRICOLTURA, DELLA SOVRANITA' ALIMENTARE E DELLE FORESTE",4,Assistenziali,12,Altre voci,68404.42,2024-11-11T02:00:28.485,,,Sistema legacy,Varie,68404.42,12,12,11
65ee5ac7eb0f334c5c367555,202402,845,COMUNE DI MONDAINO,4,Varie,10,Ritenute Sindacali,17.55,2024-03-11T02:01:04.421,Sud,,,Varie,17.55,10,10,845
65c81f2c3f62191d310d64b0,202401,4,MINISTERO DELL'ISTRUZIONE E DEL MERITO,4,Varie,9,Riscatti,8276570.64,2024-02-11T02:01:21.381,Isole,,,Varie,8276570.64,9,9,4
65c81f2c3f62191d310d64e5,202401,3,MINISTERO DELLA DIFESA,2,Erariali,6,IRAP,44893836.86,2024-02-11T02:01:21.381,Nord,,,Erariali,44893836.86,6,6,3
65ee5ac6f458af56cdec182b,202402,976,ISTITUTO MUSICALE PAREGGIATO DELLA VALLE D'AOSTA,1,Netto,15,Netto,-,11-03-24,Centro,,,Netto,73659.24,15,15,976
668f34119b1c1405cffd2d82,202406,964,COMUNE DI CARAVAGGIO,4,Varie,11,Prestiti,1827.3700000000001,2024-07-11T03:01:16.866,Sud,,,Varie,1827.3700000000001,11,11,964
66bf60530377f64bd0cd25fc,202407,973,COMUNE DI VASIA,2,Erariali,5,IRPEF,914.74,16/08/2024,Sud,,,Erariali,914.74,5,5,973
663ec5f43f62190222cfb745,202404,25,ARCHIVI NOTARILI,4,Varie,11,Prestiti,29238.959999999995,2024-05-11T03:01:07.269,Isole,,,Varie,29238.959999999995,11,11,25
6731590b5c833340b426aedc,202410,977,?,4,Varie,//,Prestiti,2144.9,2024-11-11T02:00:28.485,Sud,,,Varie,2144.9,11,11,977
663ec5eb3f62190222cfb551,202404,829,COMUNE DI MERCATO SAN SEVERINO,3,Previdenziali,13,n.d.,37566.12000000008,2024-05-11T03:01:07.269,Nord,,,Previdenziali,37566.12000000008,13,13,829
659f41729b1c14690c5c4116,202312,960,AUTORITA' DI BACINO DISTR. DELL'APPENNINO SETTENTRIONALE,1,Netto,15,Netto,248853.05,2024-01-11T02:01:40.336,Nord,,,Netto,248853.05,15,15,960
663ec5f23f62190222cfb5b7,202404,12,,3,Previdenziali,14,Previdenziali a carico del lavoratore,58755827.25,2024-05-11T03:01:07.269,Sud,,,Previdenziali,58755827.25,14,14,12
663ec5f43f62190222cfb6b6,202404,8017,AGENZIA DEL DEMANIO,4,Varie,11,Prestiti,"41849,39",2024-05-11T03:01:07.269,,,,Varie,"41849,39",11,11,8017
65ee5ac7eb0f334c5c3675b0,202402,868,ANBSC-AGENZIA NAZIONALE BENI SEQUESTRATI E CONFISCATI,4,Varie,9,Riscatti,662.53,2024-03-11T02:01:04.421,,,,Varie,662.53,9,9,868
66bf604a0377f64bd0cd2562,202407,845,COMUNE DI MONDAINO,2,Erariali,8,Addizionali Comunali,147.04999999999998,2024-08-16T16:11:01.334,Sud,,,Erariali,147.04999999999998,8,8,845
6731590c568f146446645d0a,202410,7,MINISTERO DEGLI AFFARI ESTERI E DELLA COOPERAZIONE INTERNAZIONALE,2,Erariali,5,IRPEF,3393843.42,2024-11-11T02:00:28.485,,,,Erariali,3393843.42,5,5,7
671a7805568f1404768e2b81,202409,11,"MINISTERO DELL'AGRICOLTURA, DELLA SOVRANITA' ALIMENTARE E DELLE FORESTE",2,Erariali,6,IRAP,656419.9,2024-10-24T18:30:35.560,Nord,,,Erariali,656419.9,6,6,11
671a7805568f1404768e2b6f,202409,950,AGENZIA ITALIANA PER LA COOPERAZIONE ALLO SVILUPPO,4,Varie,10,Ritenute Sindacali,741.6899999999999,2024/10/24,Centro,,,Varie,741.6899999999999,10,10,950
66e0ee64f458af54a5dbc7c5,202408,958,AUTORITA' DI BACINO DISTRETTUALE DELL'APPENNINO CENTRALE,3,Previdenziali,14,Previdenziali a carico del lavoratore,65176.10999999996,2024-09-11T03:01:11.704,Centro,,,Previdenziali,65176.10999999996,14,14,958
6731590c568f146446645d27,202410,970,PARCO DEL CIRCEO,2,Erariali,6,IRAP,-,2024-11-11T02:00:28.485,Sud,,,Erariali,1752.73,6,6,970
65ee5ac7eb0f334c8d2b5b39,2024-02,938,ENTE PARCO NAZIONALE DELLA MAJELLA,4,Varie,11,Prestiti,N.D.,2024-03-11T02:01:04.421,Centro,,,Varie,3451.3199999999997,11,11,938
66e0ee5df458af5423ceb52a,202408,816,COMUNE DI CAROSINO,2,Erariali,8,Addizionali Comunali,345.9599999999999~,2024-09-11T03:01:11.704,,,,Erariali,345.9599999999999,8,8,816
65c81f2cf458af1d35de62ae,202401,971,ARPAL PUGLIA,4,Varie,10,Ritenute Sindacali,5163.939999999997,2024-02-11T02:01:21.381,,,,Varie,5163.939999999997,10,10,971
65ee5ac7eb0f334c8d2b5b28,202402,977,COMUNE DI SERRENTI,3,Previdenziali,13,Previdenziali a carico del datore di lavoro,16105.730000000007,2024-03-11T02:01:04.421,Sud,,,Previdenziali,16105.730000000007,13,13,977
65ee5ac7eb0f334c5c36758a,202402,13,MINISTERO DELLE IMPRESE E DEL MADE IN ITALY,2,Erariali,8,Addizionali Comunali,4688.14,2024-03-11T02:01:04.421,Isole,,,Erariali,4688.14,8,8,13
671a7806e28f8d6b0a19d1ae,202409,802,ARAN,4,Varie,12,Altre voci,1111.28,2024-10-24T18:30:35.560,Isole,,,Varie,1111.28,12,12,802
65ee5ac7eb0f334c8d2b5b4a,202402,954,ISPETTORATO NAZIONALE DEL LAVORO,2,Erariali,7,Addizionali Regionali,4435.7699999999995,2024-03-11T02:01:04.421,Isole,,,Erariali,4435.7699999999995,7,7,954
65ee5ac7eb0f334c5c367596,202402,,MINISTERO DELL'ECONOMIA E FINANZE,4,Varie,10,Ritenute Sindacali,111164.93,2024-03-11T02:01:04.421,Isole,,,Varie,111164.93,10,10,1
6667a4b8262bc331bdcd0bb0,??-????,964,COMUNE DI CARAVAGGIO,4,Varie,12,Altre voci,10639.539999999999 EUR,2024-06-11T03:01:23.745,,,,Varie,10639.539999999999 EUR,12,12,964
668f34139b1c1405cffd2e35,202406,930,AZIENDA SANITARIA LOCALE LATINA,2,Erariali,6,IRAP,-1139354.4,2024-07-11T03:01:16.866,Isole,,,Erariali,1139353.4,6,6,930
66bf60490377f64b681b50e3,202407,963,AUTORITA' DI BACINO DISTRETTUALE DELL'APPENNINO MERIDIONALE,1,Netto,15,n.d.,341868.82,2024-08-16T16:11:01.334,Nord,,,Netto,341868.82,15,15,963
663ec5ea3f62190222cfb4c2,202404,32,ISTITUTO SUPERIORE DI SANITA',4,Varie,12,Altre voci,12454.230000000005,2024-05-11T03:01:07.269,Isole,,,Varie,12454.230000000005,12,12,32
6731590c568f146446645d38,202410,867,AGENZIA ITALIANA DEL FARMACO - AIFA,2,Erariali,7,Addizionali Regionali,72334.85999999994,2024-11-11T02:00:28.485,Centro,Fonte secondaria,,Erariali,72334.85999999994,7,7,867
6667a4c1262bc331baee7427,202405,976,n.d.,2,Assistenziali,8,Addizionali Comunali,768.2,11-06-24,,,,Erariali,768.2,8,8,976
661738e6262bc367cf0df819,202403,3,MINISTERO DELLA DIFESA,3,Previdenziali,14,Previdenziali a carico del lavoratore,67505122.63,2024-04-11T03:00:48.766,Isole,,,Previdenziali,67505122.63,14,14,3
